iter	MultiClass
0	-1.608739587
1	-1.608607297
2	-1.608194544
3	-1.607627464
4	-1.60737936
5	-1.606961992
6	-1.606607528
7	-1.606393631
8	-1.605927119
9	-1.605569087
