iter	MultiClass
0	-1.609372235
1	-1.609307936
2	-1.608907856
3	-1.608594667
4	-1.608057852
5	-1.6079971
6	-1.607645234
7	-1.607304627
8	-1.607002274
9	-1.606099933
