iter	MultiClass
0	-1.609239965
1	-1.609135901
2	-1.609037958
3	-1.609011258
4	-1.608984209
5	-1.60888775
6	-1.608865813
7	-1.608838423
8	-1.60862773
9	-1.608375856
