iter	MultiClass
0	-1.609318343
1	-1.609065109
2	-1.609042085
3	-1.608622252
4	-1.607916084
5	-1.607774075
6	-1.606890991
7	-1.606590515
8	-1.606548841
9	-1.606176436
