iter	MultiClass
0	-1.609243202
1	-1.609183753
2	-1.609183749
3	-1.609139399
4	-1.608893293
5	-1.60851197
6	-1.608511909
7	-1.608423834
8	-1.608423824
9	-1.608423824
